{
  "english_only": true,
  "total_pages": 6647,
  "h2t_rouge5_all": 0.7602544317038178,
  "native_rouge5_all": 0.7066776390591719,
  "h2t_empty": 152,
  "native_empty": 152
}